gender,died.at.age,prob.death,risk.group,alt.age.death,years.lost.by.risk.group
Male,12,0.000143,0.000143,12,0.5
Male,12,0.00011,0.000253,13,0.934709
Male,12,9.8e-05,0.00035,14,1.370933
Male,12,0.000132,0.000483,15,1.954967
Male,12,0.000237,0.00072,16,2.793421
Male,12,0.000419,0.001139,17,3.788711
Male,12,0.000586,0.001725,18,4.709816
Male,12,0.000679,0.002403,19,5.497526
Male,12,0.000719,0.003122,20,6.188679
Male,12,0.000745,0.003867,21,6.826404
Male,12,0.00075,0.004617,22,7.423117
Male,12,0.000722,0.005339,23,7.974584
Male,12,0.000673,0.006012,24,8.481065
Male,12,0.000639,0.00665,25,8.963022
Male,12,0.000651,0.007301,26,9.456415
Male,12,0.000707,0.008008,27,9.99005
Male,12,0.000771,0.008778,28,10.561485
Male,12,0.000794,0.009573,29,11.13733
Male,12,0.000786,0.010359,30,11.695776
Male,12,0.000791,0.01115,31,12.249432
Male,12,0.000851,0.012001,32,12.834659
Male,12,0.000951,0.012952,33,13.471072
Male,12,0.001038,0.01399,34,14.141041
Male,12,0.00106,0.015051,35,14.800421
Male,12,0.001052,0.016103,36,15.434365
Male,12,0.001076,0.017179,37,16.064827
Male,12,0.001172,0.018351,38,16.731203
Male,12,0.001317,0.019668,39,17.452159
Male,12,0.001463,0.021131,40,18.217081
Male,12,0.001578,0.022708,41,19.000987
Male,12,0.001688,0.024396,42,19.79649
Male,12,0.001837,0.026233,43,20.615838
Male,12,0.002047,0.028279,44,21.475873
Male,12,0.002303,0.030582,45,22.381195
Male,12,0.002579,0.03316,46,23.323623
Male,12,0.002877,0.036038,47,24.295759
Male,12,0.003237,0.039275,48,25.30163
Male,12,0.003707,0.042982,49,26.353683
Male,12,0.004256,0.047238,50,27.448048
Male,12,0.004768,0.052005,51,28.552907
Male,12,0.00511,0.057115,52,29.62185
Male,12,0.005345,0.062461,53,30.638391
Male,12,0.005633,0.068094,54,31.619627
Male,12,0.006113,0.074207,55,32.598325
Male,12,0.006773,0.08098,56,33.593751
Male,12,0.007549,0.088529,57,34.609035
Male,12,0.008388,0.096917,58,35.638145
Male,12,0.009308,0.106224,59,36.677516
Male,12,0.010348,0.116572,60,37.72696
Male,12,0.011513,0.128085,61,38.785155
Male,12,0.012734,0.140818,62,39.844475
Male,12,0.013909,0.154728,63,40.892264
Male,12,0.015005,0.169732,64,41.918405
Male,12,0.016074,0.185806,65,42.92031
Male,12,0.017189,0.202995,66,43.900826
Male,12,0.018346,0.221341,67,44.862245
Male,12,0.019483,0.240825,68,45.803777
Male,12,0.020546,0.261371,69,46.723207
Male,12,0.02162,0.28299,70,47.622919
Male,12,0.022865,0.305856,71,48.510833
Male,12,0.024339,0.330195,72,49.394565
Male,12,0.025761,0.355956,73,50.270666
Male,12,0.026875,0.382831,74,51.129165
Male,12,0.027672,0.410502,75,51.96307
Male,12,0.028493,0.438996,76,52.776791
Male,12,0.029574,0.46857,77,53.579823
Male,12,0.030868,0.499438,78,54.378368
Male,12,0.032147,0.531585,79,55.171884
Male,12,0.033274,0.564859,80,55.956994
Male,12,0.034238,0.599097,81,56.730976
Male,12,0.034904,0.634001,82,57.489001
Male,12,0.035274,0.669275,83,58.227444
Male,12,0.035285,0.70456,84,58.942231
Male,12,0.03488,0.73944,85,59.628937
Male,12,0.034014,0.773454,86,60.282916
Male,12,0.03266,0.806114,87,60.899447
Male,12,0.03082,0.836934,88,61.47393
Male,12,0.028523,0.865458,89,62.00211
Male,12,0.025836,0.891294,90,62.480338
Male,12,0.022855,0.914148,91,62.905845
Male,12,0.019701,0.93385,92,63.277028
Male,12,0.016514,0.950364,93,63.593685
Male,12,0.013432,0.963796,94,63.857172
Male,12,0.010579,0.974375,95,64.070442
Male,12,0.008053,0.982428,96,64.237907
Male,12,0.005915,0.988343,97,64.365148
Male,12,0.004185,0.992527,98,64.458475
Male,12,0.002849,0.995376,99,64.52442
Male,12,0.001864,0.99724,100,64.569235
Male,12,0.001172,0.998412,101,64.598488
Male,12,0.000707,0.999119,102,64.616818
Male,12,0.00041,0.999529,103,64.627838
Male,12,0.000228,0.999757,104,64.634197
Male,12,0.000243,1,105,64.641221
Male,17,0.000419,0.000419,17,0.5
Male,17,0.000586,0.001006,18,1.083196
Male,17,0.000679,0.001685,19,1.654286
Male,17,0.000719,0.002404,20,2.20653
Male,17,0.000745,0.003149,21,2.749305
Male,17,0.00075,0.003899,22,3.278677
Male,17,0.000723,0.004622,23,3.782349
Male,17,0.000673,0.005295,24,4.255045
Male,17,0.000639,0.005934,25,4.712177
Male,17,0.000651,0.006585,26,5.185497
Male,17,0.000708,0.007293,27,5.701121
Male,17,0.000771,0.008064,28,6.255624
Male,17,0.000795,0.008859,29,6.816013
Male,17,0.000786,0.009645,30,7.360858
Male,17,0.000792,0.010437,31,7.902299
Male,17,0.000852,0.011289,32,8.475617
Male,17,0.000952,0.012241,33,9.09965
Male,17,0.001039,0.01328,34,9.756801
Male,17,0.001061,0.014341,35,10.40375
Male,17,0.001053,0.015394,36,11.026091
Male,17,0.001077,0.016471,37,11.645451
Male,17,0.001173,0.017644,38,12.300451
Male,17,0.001318,0.018961,39,13.009248
Male,17,0.001464,0.020425,40,13.761224
Male,17,0.001579,0.022004,41,14.531758
Male,17,0.001689,0.023693,42,15.31362
Male,17,0.001838,0.025531,43,16.118868
Male,17,0.002048,0.027579,44,16.96402
Male,17,0.002304,0.029883,45,17.853533
Male,17,0.002581,0.032464,46,18.779333
Male,17,0.002879,0.035343,47,19.734165
Male,17,0.003239,0.038582,48,20.722015
Male,17,0.00371,0.042292,49,21.755119
Male,17,0.004259,0.046551,50,22.829696
Male,17,0.004771,0.051322,51,23.914589
Male,17,0.005114,0.056436,52,24.964407
Male,17,0.005349,0.061785,53,25.963146
Male,17,0.005637,0.067422,54,26.927717
Male,17,0.006118,0.07354,55,27.890376
Male,17,0.006778,0.080318,56,28.870087
Male,17,0.007555,0.087872,57,29.86994
Male,17,0.008394,0.096266,58,30.884004
Male,17,0.009314,0.10558,59,31.908779
Male,17,0.010355,0.115936,60,32.94409
Male,17,0.011521,0.127457,61,33.988641
Male,17,0.012743,0.140199,62,35.03491
Male,17,0.013919,0.154119,63,36.070399
Male,17,0.015015,0.169134,64,37.085098
Male,17,0.016085,0.18522,65,38.076424
Male,17,0.017201,0.202421,66,39.047164
Male,17,0.01836,0.22078,67,39.999553
Male,17,0.019498,0.240278,68,40.932766
Male,17,0.020561,0.260839,69,41.844568
Male,17,0.021635,0.282474,70,42.737281
Male,17,0.022882,0.305356,71,43.61872
Male,17,0.024356,0.329712,72,44.496413
Male,17,0.02578,0.355492,73,45.366904
Male,17,0.026894,0.382386,74,46.220253
Male,17,0.027691,0.410078,75,47.049472
Male,17,0.028514,0.438592,76,47.858913
Male,17,0.029595,0.468187,77,48.657989
Male,17,0.030891,0.499078,78,49.452849
Male,17,0.03217,0.531248,79,50.242931
Male,17,0.033298,0.564545,80,51.024853
Male,17,0.034263,0.598808,81,51.795883
Male,17,0.034929,0.633737,82,52.551194
Male,17,0.035299,0.669037,83,53.287151
Male,17,0.035311,0.704347,84,53.999675
Male,17,0.034905,0.739252,85,54.684339
Male,17,0.034038,0.773291,86,55.336488
Male,17,0.032684,0.805975,87,55.951397
Male,17,0.030842,0.836817,88,56.524461
Male,17,0.028544,0.865361,89,57.051414
Male,17,0.025855,0.891215,90,57.528598
Male,17,0.022871,0.914086,91,57.953233
Male,17,0.019716,0.933802,92,58.323702
Male,17,0.016526,0.950328,93,58.639787
Male,17,0.013442,0.96377,94,58.902829
Male,17,0.010587,0.974356,95,59.11576
Male,17,0.008059,0.982415,96,59.282976
Male,17,0.005919,0.988334,97,59.41004
Male,17,0.004188,0.992522,98,59.503246
Male,17,0.002851,0.995373,99,59.56911
Male,17,0.001865,0.997238,100,59.613873
Male,17,0.001172,0.998411,101,59.643096
Male,17,0.000708,0.999118,102,59.661407
Male,17,0.00041,0.999528,103,59.672417
Male,17,0.000228,0.999756,104,59.678771
Male,17,0.000244,1,105,59.685789
Male,22,0.000753,0.000753,22,0.5
Male,22,0.000725,0.001478,23,0.99058
Male,22,0.000675,0.002153,24,1.464064
Male,22,0.000641,0.002794,25,1.931163
Male,22,0.000653,0.003447,26,2.417817
Male,22,0.00071,0.004157,27,2.944086
Male,22,0.000774,0.004931,28,3.501948
Male,22,0.000798,0.005728,29,4.058604
Male,22,0.000789,0.006517,30,4.596129
Male,22,0.000794,0.007311,31,5.128737
Male,22,0.000855,0.008166,32,5.690845
Male,22,0.000955,0.009121,33,6.299072
Male,22,0.001042,0.010163,34,6.934945
Male,22,0.001064,0.011227,35,7.557403
Male,22,0.001057,0.012284,36,8.154545
Male,22,0.00108,0.013364,37,8.748267
Male,22,0.001176,0.01454,38,9.375433
Male,22,0.001322,0.015862,39,10.052471
Male,22,0.001469,0.017331,40,10.768356
Male,22,0.001584,0.018915,41,11.499506
Male,22,0.001694,0.020609,42,12.23944
Male,22,0.001844,0.022453,43,12.999846
Male,22,0.002054,0.024507,44,13.796252
Male,22,0.002311,0.026819,45,14.632618
Male,22,0.002589,0.029407,46,15.501251
Male,22,0.002888,0.032296,47,16.395479
Male,22,0.00325,0.035545,48,17.31924
Male,22,0.003721,0.039267,49,18.284084
Male,22,0.004273,0.043539,50,19.286585
Male,22,0.004786,0.048325,51,20.298106
Male,22,0.00513,0.053455,52,21.277186
Male,22,0.005366,0.058822,53,22.209797
Male,22,0.005655,0.064476,54,23.112289
Male,22,0.006137,0.070613,55,24.015064
Male,22,0.006799,0.077412,56,24.93597
Male,22,0.007578,0.084991,57,25.877942
Male,22,0.00842,0.093411,58,26.835436
Male,22,0.009344,0.102755,59,27.805197
Male,22,0.010388,0.113143,60,28.787111
Male,22,0.011557,0.1247,61,29.779991
Male,22,0.012783,0.137483,62,30.776721
Male,22,0.013963,0.151447,63,31.765413
Male,22,0.015063,0.16651,64,32.736489
Male,22,0.016136,0.182646,65,33.687412
Male,22,0.017255,0.199901,66,34.620752
Male,22,0.018418,0.218319,67,35.538533
Male,22,0.019559,0.237878,68,36.439822
Male,22,0.020626,0.258504,69,37.322308
Male,22,0.021704,0.280207,70,38.188081
Male,22,0.022954,0.303161,71,39.044572
Male,22,0.024433,0.327595,72,39.898967
Male,22,0.025861,0.353456,73,40.747784
Male,22,0.026979,0.380435,74,41.581208
Male,22,0.027779,0.408214,75,42.392281
Male,22,0.028604,0.436818,76,43.185127
Male,22,0.029689,0.466507,77,43.968853
Male,22,0.030988,0.497495,78,44.749397
Male,22,0.032272,0.529767,79,45.526126
Male,22,0.033403,0.56317,80,46.295637
Male,22,0.034371,0.597541,81,47.055167
Male,22,0.035039,0.63258,82,47.799887
Male,22,0.035411,0.667991,83,48.526141
Male,22,0.035422,0.703413,84,49.22983
Male,22,0.035016,0.738429,85,49.906509
Male,22,0.034146,0.772575,86,50.551505
Male,22,0.032787,0.805362,87,51.160073
Male,22,0.030939,0.836301,88,51.727581
Male,22,0.028634,0.864935,89,52.249735
Male,22,0.025936,0.890872,90,52.722836
Male,22,0.022943,0.913815,91,53.144063
Male,22,0.019778,0.933593,92,53.511743
Male,22,0.016578,0.950171,93,53.825598
Male,22,0.013484,0.963655,94,54.086902
Male,22,0.01062,0.974275,95,54.298517
Male,22,0.008084,0.98236,96,54.464766
Male,22,0.005938,0.988297,97,54.591144
Male,22,0.004201,0.992498,98,54.68388
Male,22,0.00286,0.995358,99,54.749435
Male,22,0.001871,0.99723,100,54.794001
Male,22,0.001176,0.998406,101,54.823104
Male,22,0.00071,0.999115,102,54.841345
Male,22,0.000411,0.999527,103,54.852316
Male,22,0.000229,0.999756,104,54.858648
Male,22,0.000244,1,105,54.865645
Male,27,0.000712,0.000712,27,0.5
Male,27,0.000776,0.001489,28,1.021481
Male,27,8e-04,0.002289,29,1.538467
Male,27,0.000791,0.00308,30,2.042471
Male,27,0.000797,0.003877,31,2.547532
Male,27,0.000857,0.004735,32,3.082264
Male,27,0.000958,0.005693,33,3.657552
Male,27,0.001046,0.006739,34,4.253851
Male,27,0.001068,0.007807,35,4.83484
Male,27,0.00106,0.008867,36,5.392641
Male,27,0.001084,0.009951,37,5.948973
Male,27,0.00118,0.011131,38,6.53766
Male,27,0.001326,0.012458,39,7.172482
Male,27,0.001474,0.013932,40,7.841856
Male,27,0.001589,0.015521,41,8.523641
Male,27,0.0017,0.017221,42,9.212379
Male,27,0.00185,0.019071,43,9.919327
Male,27,0.002062,0.021133,44,10.658849
Male,27,0.002319,0.023452,45,11.434366
Male,27,0.002598,0.02605,46,12.238678
Male,27,0.002898,0.028948,47,13.065813
Male,27,0.003261,0.032209,48,13.919685
Male,27,0.003734,0.035943,49,14.811115
Male,27,0.004287,0.04023,50,15.737083
Male,27,0.004803,0.045033,51,16.671616
Male,27,0.005148,0.050181,52,17.577287
Male,27,0.005385,0.055566,53,18.441969
Male,27,0.005674,0.06124,54,19.281269
Male,27,0.006158,0.067398,55,20.123573
Male,27,0.006823,0.074221,56,20.9855
Male,27,0.007605,0.081826,57,21.869756
Male,27,0.008449,0.090275,58,22.77111
Male,27,0.009376,0.099651,59,23.686498
Male,27,0.010424,0.110075,60,24.615814
Male,27,0.011597,0.121672,61,25.557934
Male,27,0.012827,0.1345,62,26.506108
Male,27,0.014012,0.148511,63,27.449013
Male,27,0.015115,0.163626,64,28.377472
Male,27,0.016192,0.179818,65,29.28897
Male,27,0.017315,0.197133,66,30.18585
Male,27,0.018481,0.215615,67,31.069919
Male,27,0.019627,0.235241,68,31.940127
Male,27,0.020697,0.255939,69,32.794083
Male,27,0.021779,0.277717,70,33.633643
Male,27,0.023034,0.300751,71,34.465862
Male,27,0.024518,0.325269,72,35.297587
Male,27,0.025951,0.35122,73,36.125311
Male,27,0.027072,0.378292,74,36.939339
Male,27,0.027875,0.406167,75,37.732741
Male,27,0.028703,0.43487,76,38.509423
Male,27,0.029792,0.464662,77,39.278192
Male,27,0.031095,0.495757,78,40.04478
Male,27,0.032383,0.52814,79,40.808484
Male,27,0.033518,0.561659,80,41.565884
Male,27,0.03449,0.596149,81,42.314186
Male,27,0.03516,0.631309,82,43.048561
Male,27,0.035533,0.666843,83,43.765332
Male,27,0.035545,0.702387,84,44.460383
Male,27,0.035137,0.737524,85,45.129251
Male,27,0.034264,0.771788,86,45.76725
Male,27,0.0329,0.804688,87,46.369613
Male,27,0.031046,0.835735,88,46.931686
Male,27,0.028733,0.864468,89,47.449145
Male,27,0.026026,0.890494,90,47.918256
Male,27,0.023023,0.913517,91,48.336153
Male,27,0.019846,0.933363,92,48.701111
Male,27,0.016636,0.949999,93,49.012793
Male,27,0.013531,0.963529,94,49.272406
Male,27,0.010657,0.974186,95,49.482743
Male,27,0.008112,0.982299,96,49.648057
Male,27,0.005958,0.988257,97,49.773772
Male,27,0.004216,0.992473,98,49.866056
Male,27,0.00287,0.995342,99,49.931313
Male,27,0.001878,0.99722,100,49.975691
Male,27,0.00118,0.9984,101,50.00468
Male,27,0.000712,0.999112,102,50.022855
Male,27,0.000413,0.999525,103,50.033789
Male,27,0.00023,0.999755,104,50.040102
Male,27,0.000245,1,105,50.047078
Male,32,0.000861,0.000861,32,0.5
Male,32,0.000962,0.001823,33,1.027741
Male,32,0.00105,0.002873,34,1.565785
Male,32,0.001072,0.003945,35,2.091551
Male,32,0.001064,0.005009,36,2.603276
Male,32,0.001088,0.006097,37,3.120224
Male,32,0.001185,0.007282,38,3.670213
Male,32,0.001332,0.008614,39,4.262223
Male,32,0.00148,0.010094,40,4.883398
Male,32,0.001596,0.011689,41,5.513541
Male,32,0.001707,0.013396,42,6.148862
Male,32,0.001857,0.015253,43,6.800418
Male,32,0.00207,0.017323,44,7.481362
Male,32,0.002329,0.019651,45,8.194527
Male,32,0.002608,0.022259,46,8.933263
Male,32,0.00291,0.025169,47,9.692408
Male,32,0.003273,0.028442,48,10.475918
Male,32,0.003749,0.032191,49,11.293901
Male,32,0.004304,0.036495,50,12.143752
Male,32,0.004821,0.041316,51,13.002174
Male,32,0.005168,0.046484,52,13.835752
Male,32,0.005406,0.05189,53,14.634189
Male,32,0.005696,0.057586,54,15.412282
Male,32,0.006182,0.063768,55,16.19635
Male,32,0.006849,0.070618,56,17.001734
Male,32,0.007634,0.078252,57,17.830827
Male,32,0.008482,0.086734,58,18.67864
Male,32,0.009413,0.096147,59,19.542239
Male,32,0.010464,0.106611,60,20.421487
Male,32,0.011642,0.118254,61,21.315295
Male,32,0.012877,0.131131,62,22.217239
Male,32,0.014066,0.145197,63,23.116527
Male,32,0.015174,0.160371,64,24.004362
Male,32,0.016255,0.176626,65,24.878253
Male,32,0.017382,0.194008,66,25.740329
Male,32,0.018553,0.212562,67,26.592188
Male,32,0.019703,0.232265,68,27.432675
Male,32,0.020778,0.253043,69,28.259321
Male,32,0.021863,0.274906,70,29.073768
Male,32,0.023123,0.298029,71,29.882707
Male,32,0.024613,0.322642,72,30.692666
Male,32,0.026052,0.348694,73,31.500112
Male,32,0.027178,0.375872,74,32.295468
Male,32,0.027984,0.403856,75,33.071841
Male,32,0.028815,0.43267,76,33.832926
Male,32,0.029907,0.462578,77,34.587248
Male,32,0.031216,0.493794,78,35.340341
Male,32,0.032509,0.526304,79,36.091436
Male,32,0.033649,0.559953,80,36.837097
Male,32,0.034624,0.594577,81,37.574505
Male,32,0.035297,0.629874,82,38.29883
Male,32,0.035672,0.665546,83,39.006378
Male,32,0.035683,0.701229,84,39.693021
Male,32,0.035274,0.736502,85,40.354282
Male,32,0.034397,0.7709,86,40.985461
Male,32,0.033029,0.803928,87,41.581776
Male,32,0.031167,0.835096,88,42.13855
Male,32,0.028845,0.863941,89,42.651434
Male,32,0.026127,0.890068,90,43.116658
Male,32,0.023112,0.91318,91,43.531315
Male,32,0.019924,0.933104,92,43.893628
Male,32,0.0167,0.949804,93,44.203202
Male,32,0.013583,0.963388,94,44.46118
Male,32,0.010698,0.974086,95,44.670284
Male,32,0.008144,0.98223,96,44.834697
Male,32,0.005981,0.988211,97,44.959778
Male,32,0.004232,0.992443,98,45.05163
Male,32,0.002881,0.995324,99,45.116606
Male,32,0.001885,0.997209,100,45.160807
Male,32,0.001185,0.998394,101,45.189689
Male,32,0.000715,0.999109,102,45.207803
Male,32,0.000414,0.999523,103,45.218702
Male,32,0.000231,0.999754,104,45.224997
Male,32,0.000246,1,105,45.231955
Male,37,0.001094,0.001094,37,0.5
Male,37,0.001191,0.002285,38,1.021321
Male,37,0.001338,0.003623,39,1.567528
Male,37,0.001487,0.00511,40,2.129873
Male,37,0.001604,0.006713,41,2.695988
Male,37,0.001715,0.008429,42,3.266634
Male,37,0.001867,0.010295,43,3.85285
Male,37,0.00208,0.012375,44,4.465848
Male,37,0.00234,0.014716,45,5.107405
Male,37,0.002621,0.017337,46,5.77148
Male,37,0.002924,0.020261,47,6.45395
Male,37,0.00329,0.023551,48,7.158869
Male,37,0.003768,0.027318,49,7.895493
Male,37,0.004326,0.031644,50,8.661619
Male,37,0.004846,0.03649,51,9.436916
Male,37,0.005194,0.041684,52,10.192398
Male,37,0.005433,0.047117,53,10.919718
Male,37,0.005725,0.052842,54,11.632662
Male,37,0.006213,0.059055,55,12.355176
Male,37,0.006884,0.065939,56,13.101074
Male,37,0.007673,0.073611,57,13.872284
Male,37,0.008525,0.082136,58,14.66397
Male,37,0.00946,0.091596,59,15.473271
Male,37,0.010517,0.102113,60,16.299978
Male,37,0.011701,0.113815,61,17.143007
Male,37,0.012942,0.126757,62,17.996264
Male,37,0.014137,0.140894,63,18.84952
Male,37,0.01525,0.156144,64,19.694391
Male,37,0.016337,0.172481,65,20.528432
Male,37,0.01747,0.189951,66,21.353559
Male,37,0.018647,0.208597,67,22.171161
Male,37,0.019802,0.2284,68,22.979977
Male,37,0.020882,0.249282,69,23.777471
Male,37,0.021973,0.271255,70,24.56506
Male,37,0.02324,0.294495,71,25.349059
Male,37,0.024737,0.319232,72,26.135654
Male,37,0.026183,0.345415,73,26.921289
Male,37,0.027315,0.37273,74,27.696524
Male,37,0.028124,0.400854,75,28.454508
Male,37,0.02896,0.429814,76,29.198725
Male,37,0.030058,0.459872,77,29.937396
Male,37,0.031374,0.491246,78,30.675844
Male,37,0.032673,0.523919,79,31.413234
Male,37,0.033818,0.557737,80,32.146114
Male,37,0.034799,0.592536,81,32.871639
Male,37,0.035475,0.628011,82,33.584986
Male,37,0.035851,0.663862,83,34.282447
Male,37,0.035863,0.699725,84,34.95988
Male,37,0.035451,0.735176,85,35.612802
Male,37,0.034571,0.769746,86,36.236498
Male,37,0.033195,0.802941,87,36.826174
Male,37,0.031324,0.834265,88,37.377131
Male,37,0.02899,0.863256,89,37.884994
Male,37,0.026259,0.889514,90,38.345957
Male,37,0.023229,0.912743,91,38.757065
Male,37,0.020024,0.932767,92,39.116488
Male,37,0.016785,0.949551,93,39.423764
Male,37,0.013652,0.963203,94,39.679964
Male,37,0.010752,0.973955,95,39.887733
Male,37,0.008185,0.98214,96,40.051178
Male,37,0.006011,0.988152,97,40.175579
Male,37,0.004253,0.992405,98,40.266972
Male,37,0.002895,0.995301,99,40.33165
Male,37,0.001895,0.997195,100,40.375666
Male,37,0.001191,0.998386,101,40.404437
Male,37,0.000719,0.999104,102,40.422487
Male,37,0.000416,0.999521,103,40.433352
Male,37,0.000232,0.999753,104,40.439629
Male,37,0.000247,1,105,40.446569
Male,42,0.001727,0.001727,42,0.5
Male,42,0.001879,0.003606,43,1.021109
Male,42,0.002094,0.0057,44,1.564405
Male,42,0.002356,0.008056,45,2.130472
Male,42,0.002639,0.010695,46,2.715085
Male,42,0.002944,0.013639,47,3.316221
Male,42,0.003312,0.016951,48,3.938324
Male,42,0.003793,0.020744,49,4.589578
Male,42,0.004355,0.025099,50,5.268071
Male,42,0.004878,0.029977,51,5.956746
Male,42,0.005229,0.035207,52,6.631531
Male,42,0.00547,0.040676,53,7.286185
Male,42,0.005764,0.04644,54,7.933293
Male,42,0.006255,0.052695,55,8.594087
Male,42,0.00693,0.059626,56,9.280536
Male,42,0.007725,0.06735,57,9.993864
Male,42,0.008583,0.075933,58,10.729247
Male,42,0.009524,0.085457,59,11.483834
Male,42,0.010588,0.096045,60,12.25731
Male,42,0.01178,0.107825,61,13.048592
Male,42,0.013029,0.120854,62,13.851935
Male,42,0.014233,0.135087,63,14.65773
Male,42,0.015353,0.15044,64,15.458076
Male,42,0.016447,0.166888,65,16.250632
Male,42,0.017588,0.184476,66,17.037134
Male,42,0.018773,0.203248,67,17.818788
Male,42,0.019936,0.223184,68,18.594248
Male,42,0.021024,0.244208,69,19.360932
Male,42,0.022122,0.26633,70,20.120044
Male,42,0.023397,0.289727,71,20.877515
Male,42,0.024904,0.314631,72,21.639178
Male,42,0.02636,0.340991,73,22.401461
Male,42,0.027499,0.36849,74,23.155081
Male,42,0.028315,0.396805,75,23.893256
Male,42,0.029156,0.42596,76,24.61925
Male,42,0.030261,0.456222,77,25.340971
Male,42,0.031586,0.487807,78,26.063519
Male,42,0.032894,0.520701,79,26.78599
Male,42,0.034047,0.554748,80,27.504922
Male,42,0.035034,0.589782,81,28.217447
Male,42,0.035715,0.625497,82,28.918757
Male,42,0.036093,0.66159,83,29.605134
Male,42,0.036105,0.697695,84,30.272432
Male,42,0.035691,0.733386,85,30.91616
Male,42,0.034804,0.76819,86,31.5316
Male,42,0.033419,0.801609,87,32.113944
Male,42,0.031536,0.833145,88,32.658479
Male,42,0.029186,0.862331,89,33.1608
Male,42,0.026436,0.888768,90,33.617065
Male,42,0.023386,0.912153,91,34.024268
Male,42,0.020159,0.932312,92,34.380519
Male,42,0.016898,0.94921,93,34.685283
Male,42,0.013744,0.962954,94,34.939548
Male,42,0.010825,0.973779,95,35.145874
Male,42,0.00824,0.98202,96,35.308277
Male,42,0.006052,0.988072,97,35.431954
Male,42,0.004282,0.992354,98,35.522864
Male,42,0.002915,0.995269,99,35.587231
Male,42,0.001907,0.997176,100,35.631057
Male,42,0.001199,0.998375,101,35.659716
Male,42,0.000723,0.999098,102,35.677704
Male,42,0.000419,0.999518,103,35.688535
Male,42,0.000233,0.999751,104,35.694795
Male,42,0.000249,1,105,35.701718
Male,47,0.002976,0.002976,47,0.5
Male,47,0.003348,0.006324,48,1.029427
Male,47,0.003834,0.010158,49,1.584491
Male,47,0.004402,0.01456,50,2.163618
Male,47,0.004931,0.019491,51,2.754703
Male,47,0.005286,0.024777,52,3.340354
Male,47,0.005529,0.030305,53,3.916786
Male,47,0.005826,0.036132,54,4.494575
Male,47,0.006323,0.042454,55,5.091109
Male,47,0.007005,0.04946,56,5.715566
Male,47,0.007808,0.057268,57,6.367893
Male,47,0.008675,0.065943,58,7.043067
Male,47,0.009627,0.07557,59,7.73823
Male,47,0.010703,0.086273,60,8.453013
Male,47,0.011907,0.09818,61,9.186405
Male,47,0.01317,0.11135,62,9.933163
Male,47,0.014387,0.125737,63,10.684526
Male,47,0.015519,0.141256,64,11.433314
Male,47,0.016625,0.157881,65,12.177444
Male,47,0.017778,0.175659,66,12.918549
Male,47,0.018976,0.194635,67,13.657686
Male,47,0.020152,0.214787,68,14.393468
Male,47,0.021251,0.236038,69,15.123312
Male,47,0.022361,0.258399,70,15.848208
Male,47,0.02365,0.282048,71,16.573656
Male,47,0.025174,0.307222,72,17.305079
Male,47,0.026645,0.333867,73,18.0389
Male,47,0.027796,0.361663,74,18.766055
Male,47,0.028621,0.390284,75,19.479872
Male,47,0.029471,0.419755,76,20.183378
Male,47,0.030588,0.450343,77,20.884107
Male,47,0.031927,0.48227,78,21.586895
Male,47,0.03325,0.51552,79,22.29076
Male,47,0.034415,0.549935,80,22.992236
Male,47,0.035413,0.585347,81,23.688439
Male,47,0.036101,0.621448,82,24.374588
Male,47,0.036484,0.657932,83,25.046967
Male,47,0.036495,0.694427,84,25.701432
Male,47,0.036077,0.730504,85,26.3335
Male,47,0.03518,0.765684,86,26.938454
Male,47,0.03378,0.799465,87,27.511482
Male,47,0.031877,0.831341,88,28.047854
Male,47,0.029502,0.860843,89,28.543139
Male,47,0.026722,0.887565,90,28.99345
Male,47,0.023638,0.911204,91,29.39572
Male,47,0.020377,0.931581,92,29.74798
Male,47,0.017081,0.948661,93,30.049601
Male,47,0.013893,0.962554,94,30.301463
Male,47,0.010942,0.973496,95,30.506013
Male,47,0.008329,0.981825,96,30.667149
Male,47,0.006117,0.987943,97,30.789957
Male,47,0.004328,0.992271,98,30.880296
Male,47,0.002946,0.995218,99,30.944304
Male,47,0.001928,0.997146,100,30.987914
Male,47,0.001212,0.998357,101,31.016451
Male,47,0.000731,0.999089,102,31.034372
Male,47,0.000424,0.999512,103,31.045169
Male,47,0.000236,0.999748,104,31.051412
Male,47,0.000252,1,105,31.05832
Male,52,0.005391,0.005391,52,0.5
Male,52,0.005639,0.011029,53,1.011245
Male,52,0.005942,0.016971,54,1.532487
Male,52,0.006448,0.02342,55,2.074229
Male,52,0.007144,0.030564,56,2.641261
Male,52,0.007963,0.038528,57,3.232136
Male,52,0.008848,0.047375,58,3.842443
Male,52,0.009818,0.057194,59,4.470326
Male,52,0.010915,0.068109,60,5.116136
Male,52,0.012144,0.080253,61,5.779517
Male,52,0.013432,0.093685,62,6.456313
Male,52,0.014673,0.108358,63,7.139268
Male,52,0.015828,0.124186,64,7.822505
Male,52,0.016956,0.141141,65,8.504553
Male,52,0.018132,0.159273,66,9.187075
Male,52,0.019353,0.178626,67,9.871033
Male,52,0.020552,0.199178,68,10.555048
Male,52,0.021673,0.220851,69,11.236592
Male,52,0.022806,0.243657,70,11.916428
Male,52,0.02412,0.267776,71,12.599511
Male,52,0.025674,0.293451,72,13.290728
Male,52,0.027175,0.320625,73,13.986507
Male,52,0.028349,0.348974,74,14.678103
Male,52,0.02919,0.378164,75,15.359044
Male,52,0.030057,0.40822,76,16.032076
Male,52,0.031196,0.439417,77,16.704251
Male,52,0.032562,0.471978,78,17.380058
Male,52,0.033911,0.505889,79,18.058413
Male,52,0.035099,0.540988,80,18.73586
Male,52,0.036117,0.577105,81,19.409505
Male,52,0.036818,0.613923,82,20.074628
Male,52,0.037209,0.651132,83,20.72753
Male,52,0.037221,0.688353,84,21.364095
Male,52,0.036794,0.725146,85,21.979867
Male,52,0.03588,0.761026,86,22.570149
Male,52,0.034452,0.795478,87,23.130137
Male,52,0.03251,0.827989,88,23.655096
Male,52,0.030088,0.858077,89,24.140562
Male,52,0.027253,0.88533,90,24.582593
Male,52,0.024108,0.909439,91,24.978039
Male,52,0.020782,0.930221,92,25.324817
Male,52,0.01742,0.947641,93,25.62216
Male,52,0.014169,0.96181,94,25.870794
Male,52,0.011159,0.972969,95,26.072993
Male,52,0.008495,0.981464,96,26.232485
Male,52,0.006239,0.987703,97,26.354194
Male,52,0.004414,0.992118,98,26.443832
Male,52,0.003005,0.995123,99,26.507417
Male,52,0.001966,0.997089,100,26.550786
Male,52,0.001236,0.998325,101,26.579195
Male,52,0.000746,0.99907,102,26.597052
Male,52,0.000432,0.999503,103,26.607821
Male,52,0.000241,0.999743,104,26.614052
Male,52,0.000257,1,105,26.620953
Male,57,0.008214,0.008214,57,0.5
Male,57,0.009127,0.017341,58,1.026308
Male,57,0.010128,0.027469,59,1.56966
Male,57,0.01126,0.038729,60,2.130867
Male,57,0.012527,0.051256,61,2.709893
Male,57,0.013856,0.065111,62,3.303624
Male,57,0.015135,0.080246,63,3.906487
Male,57,0.016327,0.096573,64,4.51401
Male,57,0.01749,0.114063,65,5.125211
Male,57,0.018703,0.132766,66,5.741503
Male,57,0.019963,0.152729,67,6.363474
Male,57,0.0212,0.17393,68,6.989566
Male,57,0.022357,0.196286,69,7.617192
Male,57,0.023525,0.219811,70,8.246783
Male,57,0.02488,0.244691,71,8.88261
Male,57,0.026484,0.271175,72,9.52888
Male,57,0.028031,0.299206,73,10.181977
Male,57,0.029243,0.328449,74,10.833523
Male,57,0.03011,0.358559,75,11.477313
Male,57,0.031004,0.389563,76,12.115814
Male,57,0.03218,0.421743,77,12.755547
Male,57,0.033588,0.455331,78,13.400597
Male,57,0.03498,0.490311,79,14.049765
Male,57,0.036206,0.526516,80,14.699607
Male,57,0.037255,0.563772,81,15.347239
Male,57,0.037979,0.601751,82,15.988025
Male,57,0.038382,0.640133,83,16.618317
Male,57,0.038394,0.678527,84,17.234055
Male,57,0.037954,0.716481,85,17.83084
Male,57,0.037011,0.753492,86,18.404021
Male,57,0.035538,0.78903,87,18.948827
Male,57,0.033535,0.822566,88,19.46053
Male,57,0.031037,0.853602,89,19.934641
Male,57,0.028113,0.881715,90,20.36716
Male,57,0.024868,0.906583,91,20.754837
Male,57,0.021437,0.928021,92,21.095452
Male,57,0.017969,0.94599,93,21.388066
Male,57,0.014615,0.960606,94,21.633207
Male,57,0.011511,0.972117,95,21.832936
Male,57,0.008763,0.98088,96,21.990765
Male,57,0.006436,0.987315,97,22.111418
Male,57,0.004554,0.991869,98,22.200429
Male,57,0.0031,0.994969,99,22.263671
Male,57,0.002028,0.996997,100,22.306874
Male,57,0.001275,0.998272,101,22.335214
Male,57,0.000769,0.999041,102,22.353052
Male,57,0.000446,0.999487,103,22.363824
Male,57,0.000248,0.999735,104,22.370064
Male,57,0.000265,1,105,22.376983
Male,62,0.014604,0.014604,62,0.5
Male,62,0.015953,0.030557,63,1.022068
Male,62,0.017209,0.047766,64,1.55453
Male,62,0.018435,0.066201,65,2.096289
Male,62,0.019714,0.085914,66,2.647838
Male,62,0.021041,0.106956,67,3.208943
Male,62,0.022346,0.129301,68,3.777697
Male,62,0.023564,0.152866,69,4.351493
Male,62,0.024796,0.177661,70,4.930485
Male,62,0.026224,0.203886,71,5.518228
Male,62,0.027914,0.2318,72,6.118154
Male,62,0.029546,0.261346,73,6.726586
Male,62,0.030823,0.292168,74,7.335659
Male,62,0.031736,0.323905,75,7.939646
Male,62,0.032679,0.356584,76,8.54087
Male,62,0.033918,0.390503,77,9.145329
Male,62,0.035403,0.425905,78,9.756677
Male,62,0.036869,0.462775,79,10.37359
Male,62,0.038162,0.500937,80,10.992666
Male,62,0.039268,0.540205,81,11.611072
Male,62,0.040031,0.580236,82,12.224328
Male,62,0.040456,0.620691,83,12.8289
Male,62,0.040469,0.66116,84,13.420854
Male,62,0.040004,0.701164,85,13.995909
Male,62,0.039011,0.740174,86,14.549521
Male,62,0.037458,0.777633,87,15.077
Male,62,0.035347,0.81298,88,15.573655
Male,62,0.032713,0.845693,89,16.034995
Male,62,0.029631,0.875325,90,16.45696
Male,62,0.026212,0.901536,91,16.836182
Male,62,0.022596,0.924132,92,17.17027
Male,62,0.01894,0.943072,93,17.458061
Male,62,0.015405,0.958477,94,17.699822
Male,62,0.012133,0.970611,95,17.897334
Male,62,0.009236,0.979847,96,18.053833
Male,62,0.006784,0.98663,97,18.173783
Male,62,0.0048,0.99143,98,18.262501
Male,62,0.003267,0.994697,99,18.32569
Male,62,0.002138,0.996835,100,18.368956
Male,62,0.001344,0.998178,101,18.3974
Male,62,0.000811,0.998989,102,18.415341
Male,62,0.00047,0.999459,103,18.426196
Male,62,0.000262,0.999721,104,18.432495
Male,62,0.000279,1,105,18.439491
Male,67,0.023019,0.023019,67,0.5
Male,67,0.024446,0.047465,68,1.01503
Male,67,0.025779,0.073244,69,1.537684
Male,67,0.027126,0.10037,70,2.06802
Male,67,0.028689,0.129059,71,2.608635
Male,67,0.030538,0.159597,72,3.16188
Male,67,0.032323,0.19192,73,3.72408
Male,67,0.03372,0.22564,74,4.288355
Male,67,0.034719,0.260359,75,4.849986
Male,67,0.035751,0.29611,76,5.411402
Male,67,0.037106,0.333216,77,5.97806
Male,67,0.03873,0.371947,78,6.553054
Male,67,0.040335,0.412281,79,7.134862
Male,67,0.041749,0.45403,80,7.720143
Male,67,0.042959,0.496989,81,8.306181
Male,67,0.043794,0.540782,82,8.888749
Male,67,0.044258,0.58504,83,9.464536
Male,67,0.044272,0.629312,84,10.029832
Male,67,0.043764,0.673076,85,10.580572
Male,67,0.042677,0.715754,86,11.112396
Male,67,0.040979,0.756732,87,11.620756
Male,67,0.038669,0.795402,88,12.101048
Male,67,0.035788,0.83119,89,12.548791
Male,67,0.032416,0.863606,90,12.959857
Male,67,0.028676,0.892282,91,13.330727
Male,67,0.024719,0.917001,92,13.658769
Male,67,0.02072,0.937722,93,13.942516
Male,67,0.016853,0.954575,94,14.181873
Male,67,0.013274,0.967848,95,14.37824
Male,67,0.010104,0.977952,96,14.534479
Male,67,0.007421,0.985374,97,14.654719
Male,67,0.005251,0.990624,98,14.744005
Male,67,0.003574,0.994199,99,14.807842
Male,67,0.002339,0.996537,100,14.85171
Male,67,0.00147,0.998007,101,14.880649
Male,67,0.000887,0.998894,102,14.898961
Male,67,0.000514,0.999408,103,14.910073
Male,67,0.000286,0.999695,104,14.91654
Male,67,0.000305,1,105,14.92374
Male,72,0.035063,0.035063,72,0.5
Male,72,0.037113,0.072176,73,1.014197
Male,72,0.038716,0.110892,74,1.532943
Male,72,0.039864,0.150756,75,2.053089
Male,72,0.041048,0.191805,76,2.576754
Male,72,0.042605,0.23441,77,3.108067
Male,72,0.04447,0.278879,78,3.648939
Male,72,0.046312,0.325191,79,4.197384
Male,72,0.047935,0.373126,80,4.750135
Male,72,0.049325,0.422451,81,5.30472
Male,72,0.050283,0.472733,82,5.857324
Male,72,0.050816,0.52355,83,6.405008
Male,72,0.050833,0.574382,84,6.944412
Male,72,0.050249,0.624632,85,7.471785
Male,72,0.049001,0.673633,86,7.983029
Male,72,0.047051,0.720684,87,8.473788
Male,72,0.0444,0.765084,88,8.939568
Male,72,0.041091,0.806175,89,9.3759
Male,72,0.03722,0.843395,90,9.778558
Male,72,0.032925,0.87632,91,10.143809
Male,72,0.028382,0.904702,92,10.468703
Male,72,0.023791,0.928493,93,10.751358
Male,72,0.01935,0.947843,94,10.991208
Male,72,0.015241,0.963084,95,11.189157
Male,72,0.011602,0.974685,96,11.347594
Male,72,0.008521,0.983206,97,11.470243
Male,72,0.006029,0.989235,98,11.561839
Male,72,0.004104,0.993339,99,11.627688
Male,72,0.002685,0.996024,100,11.673177
Male,72,0.001688,0.997712,101,11.703333
Male,72,0.001019,0.998731,102,11.722503
Male,72,0.00059,0.999321,103,11.734185
Male,72,0.000329,0.999649,104,11.741012
Male,72,0.000351,1,105,11.748639
Male,77,0.052716,0.052716,77,0.5
Male,77,0.055023,0.10774,78,1.010707
Male,77,0.057303,0.165042,79,1.527789
Male,77,0.059311,0.224353,80,2.049172
Male,77,0.06103,0.285384,81,2.573292
Male,77,0.062216,0.3476,82,3.097139
Male,77,0.062876,0.410476,83,3.618384
Male,77,0.062896,0.473373,84,4.13413
Male,77,0.062175,0.535548,85,4.640988
Male,77,0.06063,0.596178,86,5.135141
Male,77,0.058218,0.654395,87,5.61242
Male,77,0.054937,0.709332,88,6.068404
Male,77,0.050843,0.760176,89,6.498574
Male,77,0.046053,0.806229,90,6.898509
Male,77,0.040739,0.846968,91,7.264136
Male,77,0.035118,0.882086,92,7.592027
Male,77,0.029437,0.911523,93,7.879703
Male,77,0.023943,0.935465,94,8.125929
Male,77,0.018858,0.954323,95,8.330922
Male,77,0.014355,0.968678,96,8.496437
Male,77,0.010543,0.979221,97,8.625675
Male,77,0.00746,0.98668,98,8.723008
Male,77,0.005078,0.991758,99,8.793549
Male,77,0.003323,0.995081,100,8.842654
Male,77,0.002088,0.997169,101,8.875444
Male,77,0.00126,0.998429,102,8.896429
Male,77,0.00073,0.99916,103,8.909297
Male,77,0.000407,0.999566,104,8.916859
Male,77,0.000434,1,105,8.925353
Male,82,0.087063,0.087063,82,0.5
Male,82,0.087986,0.175049,83,1.002637
Male,82,0.088014,0.263063,84,1.503618
Male,82,0.087004,0.350067,85,1.99979
Male,82,0.084843,0.43491,86,2.487536
Male,82,0.081467,0.516377,87,2.962801
Male,82,0.076876,0.593253,88,3.421164
Male,82,0.071148,0.664401,89,3.857949
Male,82,0.064445,0.728846,90,4.268401
Male,82,0.057008,0.785854,91,4.647914
Male,82,0.049143,0.834996,92,4.992331
Male,82,0.041193,0.876189,93,5.298279
Male,82,0.033504,0.909693,94,5.56352
Male,82,0.026388,0.936081,95,5.787251
Male,82,0.020088,0.956169,96,5.970291
Male,82,0.014753,0.970922,97,6.115096
Male,82,0.010438,0.981361,98,6.225558
Male,82,0.007106,0.988467,99,6.306608
Male,82,0.00465,0.993116,100,6.363694
Male,82,0.002922,0.996038,101,6.402235
Male,82,0.001764,0.997802,102,6.427152
Male,82,0.001022,0.998824,103,6.442576
Male,82,0.000569,0.999393,104,6.451717
Male,82,0.000607,1,105,6.462065
Male,87,0.144166,0.144166,87,0.5
Male,87,0.136042,0.280208,88,0.985503
Male,87,0.125906,0.406114,89,1.455035
Male,87,0.114043,0.520157,90,1.90339
Male,87,0.100883,0.62104,91,2.325187
Male,87,0.086964,0.708004,92,2.71515
Male,87,0.072896,0.7809,93,3.06846
Male,87,0.05929,0.84019,94,3.381183
Male,87,0.046698,0.886888,95,3.650705
Male,87,0.035548,0.922435,96,3.876117
Male,87,0.026108,0.948543,97,4.058434
Male,87,0.018472,0.967015,98,4.200586
Male,87,0.012575,0.97959,99,4.307124
Male,87,0.008228,0.987818,100,4.383695
Male,87,0.005171,0.992989,101,4.436379
Male,87,0.003121,0.99611,102,4.471042
Male,87,0.001809,0.997919,103,4.492844
Male,87,0.001007,0.998926,104,4.505955
Male,87,0.001074,1,105,4.520985
Male,92,0.229481,0.229481,92,0.5
Male,92,0.192358,0.421839,93,0.955998
Male,92,0.156455,0.578294,94,1.373721
Male,92,0.123226,0.701519,95,1.747213
Male,92,0.093803,0.795322,96,2.071885
Male,92,0.068894,0.864216,97,2.345168
Male,92,0.048745,0.91296,98,2.567002
Male,92,0.033182,0.946143,99,2.740009
Male,92,0.021712,0.967855,100,2.869223
Male,92,0.013646,0.981501,101,2.961412
Male,92,0.008236,0.989736,102,3.02414
Male,92,0.004773,0.994509,103,3.064816
Male,92,0.002657,0.997166,104,3.089956
Male,92,0.002834,1,105,3.119461
Male,97,0.336595,0.336595,97,0.5
Male,97,0.238153,0.574748,98,0.914361
Male,97,0.16212,0.736868,99,1.263221
Male,97,0.106078,0.842946,100,1.544702
Male,97,0.066671,0.909617,101,1.761312
Male,97,0.040237,0.949853,102,1.919686
Male,97,0.023318,0.973171,103,2.029434
Male,97,0.012981,0.986152,104,2.101444
Male,97,0.013848,1,105,2.190049
Male,102,0.445178,0.445178,102,0.5
Male,102,0.257991,0.703169,103,0.866898
Male,102,0.143622,0.84679,104,1.143884
Male,102,0.15321,1,105,1.504863
Female,12,8.9e-05,8.9e-05,12,0.5
Female,12,0.000105,0.000195,13,1.041302
Female,12,0.000126,0.000321,14,1.614887
Female,12,0.00015,0.00047,15,2.215084
Female,12,0.000174,0.000645,16,2.833439
Female,12,0.000198,0.000843,17,3.459828
Female,12,0.000218,0.00106,18,4.083665
Female,12,0.000233,0.001293,19,4.698547
Female,12,0.000244,0.001537,20,5.30179
Female,12,0.000252,0.001789,21,5.8932
Female,12,0.000258,0.002047,22,6.474188
Female,12,0.000264,0.002311,23,7.047575
Female,12,0.000269,0.00258,24,7.616515
Female,12,0.000275,0.002855,25,8.183174
Female,12,0.000281,0.003136,26,8.749068
Female,12,0.000288,0.003424,27,9.316333
Female,12,0.000296,0.00372,28,9.888734
Female,12,0.000308,0.004028,29,10.471558
Female,12,0.000325,0.004353,30,11.070281
Female,12,0.000345,0.004698,31,11.689851
Female,12,0.000371,0.00507,32,12.334772
Female,12,0.000402,0.005472,33,13.008831
Female,12,0.00044,0.005912,34,13.714938
Female,12,0.000484,0.006395,35,14.454815
Female,12,0.000533,0.006929,36,15.227786
Female,12,0.000587,0.007516,37,16.030404
Female,12,0.000645,0.00816,38,16.857307
Female,12,0.000705,0.008865,39,17.703574
Female,12,0.000769,0.009634,40,18.565164
Female,12,0.000837,0.010471,41,19.439237
Female,12,0.000911,0.011382,42,20.32465
Female,12,0.000994,0.012376,43,21.221806
Female,12,0.001086,0.013462,44,22.131686
Female,12,0.00119,0.014651,45,23.054847
Female,12,0.001306,0.015957,46,23.991415
Female,12,0.001435,0.017392,47,24.941053
Female,12,0.001579,0.018971,48,25.902959
Female,12,0.001738,0.020709,49,26.875975
Female,12,0.001913,0.022622,50,27.85909
Female,12,0.002109,0.024731,51,28.851653
Female,12,0.002327,0.027057,52,29.853266
Female,12,0.00257,0.029627,53,30.86345
Female,12,0.002841,0.032468,54,31.881552
Female,12,0.003142,0.03561,55,32.90682
Female,12,0.003479,0.039089,56,33.938562
Female,12,0.003854,0.042943,57,34.976162
Female,12,0.004272,0.047214,58,36.018741
Female,12,0.004732,0.051946,59,37.064541
Female,12,0.005232,0.057178,60,38.110996
Female,12,0.005769,0.062947,61,39.15477
Female,12,0.006332,0.069279,62,40.19176
Female,12,0.006911,0.07619,63,41.217432
Female,12,0.007504,0.083694,64,42.229018
Female,12,0.00813,0.091824,65,43.22693
Female,12,0.008812,0.100635,66,44.214005
Female,12,0.009569,0.110204,67,45.193946
Female,12,0.010419,0.120623,68,46.17053
Female,12,0.011382,0.132005,69,47.147375
Female,12,0.012462,0.144467,70,48.12667
Female,12,0.013656,0.158123,71,49.108916
Female,12,0.014948,0.173071,72,50.092727
Female,12,0.016346,0.189417,73,51.077144
Female,12,0.017875,0.207292,74,52.062172
Female,12,0.019559,0.226851,75,53.048319
Female,12,0.021417,0.248267,76,54.036194
Female,12,0.023465,0.271733,77,55.026141
Female,12,0.02571,0.297443,78,56.017911
Female,12,0.028143,0.325586,79,57.010396
Female,12,0.030735,0.356321,80,58.001463
Female,12,0.033435,0.389756,81,58.987848
Female,12,0.036087,0.425843,82,59.963415
Female,12,0.03866,0.464502,83,60.92358
Female,12,0.04104,0.505543,84,61.863365
Female,12,0.043097,0.54864,85,62.777458
Female,12,0.044682,0.593322,86,63.660268
Female,12,0.045642,0.638965,87,64.506001
Female,12,0.045832,0.684797,88,65.308742
Female,12,0.045134,0.729932,89,66.062573
Female,12,0.043478,0.773409,90,66.761752
Female,12,0.040859,0.814269,91,67.400947
Female,12,0.037357,0.851626,92,67.975549
Female,12,0.033136,0.884762,93,68.482063
Female,12,0.028434,0.913196,94,68.918531
Female,12,0.023539,0.936734,95,69.284939
Female,12,0.01875,0.955484,96,69.583514
Female,12,0.014337,0.969821,97,69.818806
Female,12,0.0105,0.980321,98,69.997482
Female,12,0.007354,0.987675,99,70.127795
Female,12,0.004918,0.992593,100,70.218818
Female,12,0.003138,0.99573,101,70.279575
Female,12,0.001909,0.99764,102,70.318276
Female,12,0.001108,0.998748,103,70.341784
Female,12,0.000614,0.999363,104,70.355404
Female,12,0.000637,1,105,70.370158
Female,17,0.000198,0.000198,17,0.5
Female,17,0.000218,0.000416,18,1.023597
Female,17,0.000233,0.000649,19,1.553622
Female,17,0.000244,0.000893,20,2.085711
Female,17,0.000252,0.001145,21,2.617477
Female,17,0.000258,0.001403,22,3.148153
Female,17,0.000264,0.001667,23,3.678562
Female,17,0.000269,0.001936,24,4.210174
Female,17,0.000275,0.002212,25,4.743878
Female,17,0.000281,0.002493,26,5.28024
Female,17,0.000288,0.002781,27,5.820617
Female,17,0.000297,0.003077,28,6.368041
Female,17,0.000309,0.003386,29,6.927064
Female,17,0.000325,0.003711,30,7.502473
Female,17,0.000346,0.004056,31,8.098587
Female,17,0.000371,0.004428,32,8.719339
Female,17,0.000403,0.00483,33,9.368005
Female,17,0.00044,0.00527,34,10.047057
Female,17,0.000484,0.005754,35,10.757874
Female,17,0.000533,0.006288,36,11.499604
Female,17,0.000588,0.006875,37,12.268842
Female,17,0.000645,0.00752,38,13.060484
Female,17,0.000705,0.008226,39,13.869954
Female,17,0.000769,0.008995,40,14.693588
Female,17,0.000838,0.009833,41,15.528898
Female,17,0.000912,0.010744,42,16.375015
Female,17,0.000994,0.011738,43,17.232526
Female,17,0.001087,0.012825,44,18.102536
Female,17,0.001191,0.014016,45,18.985728
Female,17,0.001307,0.015322,46,19.882351
Female,17,0.001436,0.016758,47,20.792204
Female,17,0.00158,0.018338,48,21.71463
Female,17,0.001739,0.020077,49,22.648627
Female,17,0.001915,0.021991,50,23.593321
Female,17,0.00211,0.024101,51,24.548174
Female,17,0.002328,0.026429,52,25.512885
Female,17,0.002571,0.029001,53,26.487058
Female,17,0.002842,0.031843,54,27.470123
Female,17,0.003144,0.034988,55,28.461402
Female,17,0.003481,0.038469,56,29.460265
Female,17,0.003856,0.042325,57,30.466147
Female,17,0.004274,0.046599,58,31.478219
Female,17,0.004735,0.051334,59,32.494784
Female,17,0.005236,0.05657,60,33.513354
Female,17,0.005773,0.062342,61,34.530674
Female,17,0.006336,0.068679,62,35.542725
Female,17,0.006915,0.075594,63,36.545046
Female,17,0.007509,0.083103,64,37.534884
Female,17,0.008135,0.091238,65,38.512581
Female,17,0.008817,0.100055,66,39.480848
Female,17,0.009575,0.10963,67,40.44325
Female,17,0.010426,0.120056,68,41.403433
Female,17,0.011389,0.131445,69,42.364893
Female,17,0.01247,0.143915,70,43.329731
Female,17,0.013665,0.15758,71,44.29839
Female,17,0.014957,0.172537,72,45.269454
Female,17,0.016357,0.188894,73,46.24193
Female,17,0.017887,0.206781,74,47.215778
Female,17,0.019571,0.226352,75,48.191455
Female,17,0.02143,0.247782,76,49.169522
Female,17,0.02348,0.271263,77,50.150282
Female,17,0.025727,0.29699,78,51.133454
Female,17,0.028161,0.325151,79,52.117901
Female,17,0.030755,0.355906,80,53.101474
Female,17,0.033456,0.389362,81,54.080901
Female,17,0.03611,0.425472,82,55.05005
Female,17,0.038684,0.464157,83,56.004329
Female,17,0.041067,0.505224,84,56.938751
Female,17,0.043125,0.548349,85,57.84799
Female,17,0.044711,0.59306,86,58.726443
Female,17,0.045672,0.638732,87,59.568299
Female,17,0.045862,0.684594,88,60.367622
Female,17,0.045164,0.729757,89,61.118476
Female,17,0.043506,0.773263,90,61.815094
Female,17,0.040886,0.814149,91,62.452116
Female,17,0.037381,0.85153,92,63.024907
Female,17,0.033157,0.884688,93,63.529941
Female,17,0.028452,0.91314,94,63.965226
Female,17,0.023554,0.936693,95,64.330712
Female,17,0.018762,0.955455,96,64.628589
Female,17,0.014346,0.969802,97,64.863371
Female,17,0.010507,0.980309,98,65.041687
Female,17,0.007358,0.987667,99,65.171756
Female,17,0.004921,0.992588,100,65.26262
Female,17,0.00314,0.995728,101,65.323279
Female,17,0.001911,0.997638,102,65.361921
Female,17,0.001109,0.998747,103,65.385396
Female,17,0.000615,0.999362,104,65.398997
Female,17,0.000638,1,105,65.413733
Female,22,0.000259,0.000259,22,0.5
Female,22,0.000264,0.000523,23,1.005229
Female,22,0.00027,0.000792,24,1.513952
Female,22,0.000275,0.001068,25,2.02625
Female,22,0.000281,0.001349,26,2.542204
Female,22,0.000288,0.001638,27,3.062748
Female,22,0.000297,0.001934,28,3.59037
Female,22,0.000309,0.002244,29,4.128895
Female,22,0.000325,0.002569,30,4.682304
Female,22,0.000346,0.002915,31,5.254122
Female,22,0.000372,0.003286,32,5.847542
Female,22,0.000403,0.00369,33,6.465181
Female,22,0.000441,0.00413,34,7.108966
Female,22,0.000484,0.004615,35,7.779888
Female,22,0.000534,0.005149,36,8.476993
Female,22,0.000588,0.005737,37,9.197156
Female,22,0.000646,0.006383,38,9.9359
Female,22,0.000706,0.007089,39,10.68943
Female,22,0.00077,0.007859,40,11.454878
Female,22,0.000838,0.008698,41,12.230475
Female,22,0.000913,0.00961,42,13.015897
Female,22,0.000995,0.010606,43,13.812096
Female,22,0.001088,0.011694,44,14.620423
Female,22,0.001192,0.012886,45,15.441776
Female,22,0.001308,0.014194,46,16.276614
Female,22,0.001438,0.015631,47,17.124946
Female,22,0.001582,0.017213,48,17.986344
Female,22,0.001741,0.018954,49,18.860037
Female,22,0.001917,0.02087,50,19.745361
Female,22,0.002112,0.022983,51,20.641948
Female,22,0.002331,0.025313,52,21.549633
Female,22,0.002574,0.027888,53,22.468145
Female,22,0.002846,0.030734,54,23.397032
Female,22,0.003148,0.033882,55,24.335725
Female,22,0.003485,0.037366,56,25.283687
Female,22,0.003861,0.041227,57,26.240423
Female,22,0.004279,0.045507,58,27.205179
Female,22,0.00474,0.050247,59,28.176355
Female,22,0.005242,0.055488,60,29.151581
Female,22,0.005779,0.061268,61,30.127731
Female,22,0.006344,0.067611,62,31.10092
Female,22,0.006923,0.074534,63,32.066809
Female,22,0.007517,0.082052,64,33.022672
Female,22,0.008144,0.090196,65,33.968748
Female,22,0.008827,0.099024,66,34.907559
Female,22,0.009586,0.108609,67,35.842456
Female,22,0.010438,0.119047,68,36.776883
Female,22,0.011402,0.130449,69,37.714149
Female,22,0.012484,0.142934,70,38.656219
Female,22,0.013681,0.156614,71,39.603448
Female,22,0.014974,0.171588,72,40.554377
Female,22,0.016375,0.187964,73,41.507961
Female,22,0.017907,0.205871,74,42.46409
Female,22,0.019594,0.225465,75,43.423148
Female,22,0.021455,0.24692,76,44.385624
Female,22,0.023507,0.270427,77,45.351757
Female,22,0.025756,0.296184,78,46.321212
Female,22,0.028193,0.324377,79,47.292819
Female,22,0.030791,0.355168,80,48.264403
Female,22,0.033495,0.388662,81,49.232677
Female,22,0.036152,0.424814,82,50.191524
Female,22,0.038729,0.463542,83,51.136343
Female,22,0.041114,0.504656,84,52.062133
Female,22,0.043175,0.547831,85,52.96355
Female,22,0.044762,0.592594,86,53.834974
Female,22,0.045724,0.638318,87,54.670567
Female,22,0.045915,0.684232,88,55.464367
Female,22,0.045215,0.729448,89,56.210404
Female,22,0.043556,0.773003,90,56.902875
Female,22,0.040933,0.813936,91,57.536379
Female,22,0.037424,0.85136,92,58.106238
Female,22,0.033195,0.884555,93,58.608874
Female,22,0.028485,0.91304,94,59.042243
Female,22,0.023581,0.936621,95,59.406237
Female,22,0.018784,0.955404,96,59.702987
Female,22,0.014362,0.969767,97,59.936944
Female,22,0.010519,0.980286,98,60.114679
Female,22,0.007367,0.987653,99,60.244355
Female,22,0.004926,0.992579,100,60.334963
Female,22,0.003143,0.995723,101,60.395464
Female,22,0.001913,0.997636,102,60.434011
Female,22,0.00111,0.998746,103,60.457433
Female,22,0.000615,0.999361,104,60.471006
Female,22,0.000639,1,105,60.485713
Female,27,0.000289,0.000289,27,0.5
Female,27,0.000297,0.000586,28,1.00748
Female,27,0.000309,0.000895,29,1.523304
Female,27,0.000326,0.001221,30,2.050501
Female,27,0.000346,0.001567,31,2.591854
Female,27,0.000372,0.00194,32,3.149984
Female,27,0.000404,0.002343,33,3.727097
Female,27,0.000441,0.002785,34,4.324882
Female,27,0.000485,0.00327,35,4.944301
Female,27,0.000535,0.003805,36,5.58472
Female,27,0.000589,0.004394,37,6.243753
Female,27,0.000647,0.00504,38,6.918009
Female,27,0.000707,0.005747,39,7.604814
Female,27,0.000771,0.006519,40,8.302305
Female,27,0.00084,0.007358,41,9.009515
Female,27,0.000914,0.008272,42,9.726659
Female,27,0.000997,0.009269,43,10.454972
Female,27,0.001089,0.010358,44,11.195947
Female,27,0.001194,0.011552,45,11.950591
Female,27,0.00131,0.012862,46,12.719465
Female,27,0.00144,0.014301,47,13.5027
Female,27,0.001584,0.015885,48,14.300009
Female,27,0.001743,0.017628,49,15.110781
Female,27,0.001919,0.019547,50,15.934495
Female,27,0.002115,0.021663,51,16.77089
Female,27,0.002334,0.023997,52,17.619883
Female,27,0.002578,0.026574,53,18.481279
Female,27,0.00285,0.029424,54,19.354704
Female,27,0.003152,0.032576,55,20.239661
Female,27,0.00349,0.036066,56,21.135674
Female,27,0.003866,0.039932,57,22.042297
Female,27,0.004285,0.044217,58,22.958825
Female,27,0.004746,0.048963,59,23.883743
Female,27,0.005249,0.054212,60,24.814787
Female,27,0.005787,0.059999,61,25.748952
Female,27,0.006352,0.066351,62,26.682485
Female,27,0.006932,0.073284,63,27.611169
Female,27,0.007528,0.080811,64,28.532308
Female,27,0.008155,0.088967,65,29.446034
Female,27,0.008839,0.097806,66,30.354679
Female,27,0.009599,0.107405,67,31.261377
Female,27,0.010452,0.117857,68,32.169366
Female,27,0.011417,0.129274,69,33.081764
Female,27,0.012501,0.141776,70,34.000398
Female,27,0.013699,0.155475,71,34.925533
Female,27,0.014995,0.170469,72,35.855668
Female,27,0.016398,0.186867,73,36.789709
Female,27,0.017932,0.204798,74,37.727477
Female,27,0.01962,0.224419,75,38.669283
Female,27,0.021484,0.245903,76,39.615542
Female,27,0.023539,0.269442,77,40.566434
Female,27,0.025791,0.295233,78,41.521573
Female,27,0.028231,0.323464,79,42.479751
Female,27,0.030832,0.354296,80,43.438772
Female,27,0.03354,0.387836,81,44.39534
Female,27,0.0362,0.424037,82,45.343357
Female,27,0.038781,0.462818,83,46.278211
Female,27,0.04117,0.503987,84,47.194893
Female,27,0.043233,0.54722,85,48.088048
Female,27,0.044823,0.592043,86,48.952035
Female,27,0.045786,0.637829,87,49.780995
Female,27,0.045977,0.683806,88,50.568939
Female,27,0.045276,0.729082,89,51.309864
Female,27,0.043615,0.772697,90,51.997932
Female,27,0.040988,0.813684,91,52.6277
Female,27,0.037475,0.851159,92,53.194443
Female,27,0.03324,0.884399,93,53.694532
Female,27,0.028523,0.912923,94,54.125865
Female,27,0.023613,0.936535,95,54.488277
Female,27,0.018809,0.955344,96,54.783831
Female,27,0.014382,0.969726,97,55.016915
Female,27,0.010533,0.980259,98,55.194036
Female,27,0.007377,0.987636,99,55.323296
Female,27,0.004933,0.992569,100,55.413636
Female,27,0.003148,0.995717,101,55.473969
Female,27,0.001915,0.997632,102,55.512419
Female,27,0.001112,0.998744,103,55.535785
Female,27,0.000616,0.999361,104,55.549328
Female,27,0.000639,1,105,55.564004
Female,32,0.000373,0.000373,32,0.5
Female,32,0.000404,0.000777,33,1.020256
Female,32,0.000442,0.001219,34,1.556631
Female,32,0.000486,0.001705,35,2.110432
Female,32,0.000536,0.002241,36,2.681708
Female,32,0.00059,0.002831,37,3.269154
Female,32,0.000648,0.003478,38,3.870661
Female,32,0.000708,0.004186,39,4.484669
Female,32,0.000772,0.004959,40,5.110146
Female,32,0.000841,0.0058,41,5.746656
Female,32,0.000915,0.006715,42,6.394643
Female,32,0.000998,0.007713,43,7.055333
Female,32,0.001091,0.008805,44,7.730093
Female,32,0.001195,0.01,45,8.419819
Female,32,0.001312,0.011312,46,9.124998
Female,32,0.001442,0.012754,47,9.845738
Female,32,0.001586,0.01434,48,10.581778
Female,32,0.001746,0.016086,49,11.332574
Female,32,0.001922,0.018008,50,12.097674
Female,32,0.002119,0.020127,51,12.876869
Female,32,0.002338,0.022464,52,13.670109
Female,32,0.002582,0.025046,53,14.477237
Female,32,0.002854,0.0279,54,15.297927
Female,32,0.003157,0.031057,55,16.131732
Female,32,0.003495,0.034553,56,16.978218
Female,32,0.003872,0.038425,57,17.836977
Female,32,0.004292,0.042716,58,18.707349
Female,32,0.004754,0.04747,59,19.587894
Female,32,0.005257,0.052727,60,20.476452
Female,32,0.005796,0.058524,61,21.370145
Female,32,0.006362,0.064886,62,22.265355
Female,32,0.006943,0.071829,63,23.157996
Female,32,0.007539,0.079368,64,24.04541
Female,32,0.008168,0.087537,65,24.927644
Female,32,0.008853,0.09639,66,25.806853
Female,32,0.009614,0.106004,67,26.68597
Female,32,0.010468,0.116472,68,27.568035
Female,32,0.011435,0.127907,69,28.45599
Female,32,0.012521,0.140428,70,29.351527
Female,32,0.013721,0.154149,71,30.25483
Female,32,0.015018,0.169167,72,31.164363
Female,32,0.016423,0.18559,73,32.078988
Female,32,0.01796,0.20355,74,32.998465
Female,32,0.019651,0.223201,75,33.923036
Female,32,0.021518,0.244719,76,34.853054
Female,32,0.023576,0.268295,77,35.788639
Female,32,0.025832,0.294126,78,36.729361
Female,32,0.028276,0.322402,79,37.673981
Female,32,0.030881,0.353283,80,38.620286
Female,32,0.033592,0.386875,81,39.564975
Female,32,0.036257,0.423132,82,40.501973
Female,32,0.038842,0.461974,83,41.426668
Female,32,0.041234,0.503209,84,42.334046
Female,32,0.043301,0.546509,85,43.218741
Female,32,0.044893,0.591403,86,44.0751
Female,32,0.045858,0.63726,87,44.897247
Female,32,0.046049,0.683309,88,45.679166
Female,32,0.045347,0.728657,89,46.414828
Female,32,0.043683,0.77234,90,47.098358
Female,32,0.041052,0.813392,91,47.724273
Female,32,0.037534,0.850926,92,48.287801
Female,32,0.033292,0.884218,93,48.785263
Female,32,0.028568,0.912786,94,49.214499
Female,32,0.02365,0.936435,95,49.575279
Female,32,0.018839,0.955274,96,49.869603
Female,32,0.014404,0.969679,97,50.101791
Female,32,0.01055,0.980229,98,50.278282
Female,32,0.007388,0.987617,99,50.407117
Female,32,0.004941,0.992558,100,50.497183
Female,32,0.003152,0.99571,101,50.557347
Female,32,0.001918,0.997629,102,50.595696
Female,32,0.001114,0.998742,103,50.619006
Female,32,0.000617,0.99936,104,50.632519
Female,32,0.00064,1,105,50.647165
Female,37,0.000591,0.000591,37,0.5
Female,37,0.000649,0.00124,38,1.023246
Female,37,0.00071,0.00195,39,1.560766
Female,37,0.000774,0.002724,40,2.11184
Female,37,0.000843,0.003567,41,2.676098
Female,37,0.000917,0.004485,42,3.253821
Female,37,0.001,0.005485,43,3.845898
Female,37,0.001094,0.006579,44,4.453332
Female,37,0.001198,0.007777,45,5.076746
Female,37,0.001315,0.009092,46,5.716466
Female,37,0.001445,0.010537,47,6.372537
Female,37,0.00159,0.012127,48,7.044722
Female,37,0.00175,0.013876,49,7.732563
Female,37,0.001927,0.015803,50,8.435705
Female,37,0.002123,0.017926,51,9.15402
Female,37,0.002343,0.020269,52,9.887523
Female,37,0.002588,0.022857,53,10.636126
Female,37,0.00286,0.025717,54,11.399578
Female,37,0.003164,0.028881,55,12.177515
Female,37,0.003503,0.032384,56,12.969578
Female,37,0.003881,0.036265,57,13.775426
Female,37,0.004301,0.040567,58,14.594473
Female,37,0.004765,0.045331,59,15.425396
Female,37,0.005269,0.0506,60,16.266182
Female,37,0.005809,0.056409,61,17.114124
Female,37,0.006377,0.062786,62,17.965794
Female,37,0.006959,0.069745,63,18.81729
Female,37,0.007556,0.077301,64,19.666037
Female,37,0.008187,0.085487,65,20.512013
Female,37,0.008873,0.094361,66,21.357194
Female,37,0.009636,0.103996,67,22.204303
Female,37,0.010492,0.114488,68,23.05617
Female,37,0.011461,0.125949,69,23.915537
Female,37,0.012549,0.138498,70,24.783956
Female,37,0.013751,0.152249,71,25.661526
Female,37,0.015052,0.167301,72,26.546677
Female,37,0.01646,0.183761,73,27.438234
Female,37,0.018,0.201761,74,28.335894
Female,37,0.019695,0.221457,75,29.239832
Female,37,0.021566,0.243023,76,30.150331
Female,37,0.023629,0.266652,77,31.067452
Female,37,0.02589,0.292541,78,31.99072
Female,37,0.028339,0.32088,79,32.918869
Female,37,0.03095,0.35183,80,33.849672
Female,37,0.033668,0.385498,81,34.77983
Female,37,0.036339,0.421837,82,35.703308
Female,37,0.038929,0.460766,83,36.615499
Female,37,0.041327,0.502093,84,37.511392
Female,37,0.043398,0.545491,85,38.38562
Female,37,0.044994,0.590485,86,39.23252
Female,37,0.045961,0.636446,87,40.0462
Female,37,0.046152,0.682598,88,40.820621
Female,37,0.045449,0.728047,89,41.549721
Female,37,0.043781,0.771829,90,42.227588
Female,37,0.041144,0.812973,91,42.848692
Female,37,0.037618,0.850591,92,43.408205
Female,37,0.033367,0.883958,93,43.902386
Female,37,0.028632,0.91259,94,44.329003
Female,37,0.023703,0.936293,95,44.68775
Female,37,0.018881,0.955174,96,44.980543
Female,37,0.014437,0.96961,97,45.211617
Female,37,0.010574,0.980184,98,45.387327
Female,37,0.007405,0.987589,99,45.515638
Female,37,0.004952,0.992541,100,45.605365
Female,37,0.00316,0.995701,101,45.665322
Female,37,0.001923,0.997623,102,45.70355
Female,37,0.001116,0.99874,103,45.726792
Female,37,0.000619,0.999358,104,45.740268
Female,37,0.000642,1,105,45.754878
Female,42,0.000921,0.000921,42,0.5
Female,42,0.001004,0.001925,43,1.021626
Female,42,0.001098,0.003022,44,1.55848
Female,42,0.001202,0.004225,45,2.111042
Female,42,0.00132,0.005544,46,2.679644
Female,42,0.00145,0.006995,47,3.264441
Female,42,0.001595,0.00859,48,3.865381
Female,42,0.001756,0.010346,49,4.482237
Female,42,0.001934,0.01228,50,5.114872
Female,42,0.002131,0.01441,51,5.763329
Female,42,0.002351,0.016762,52,6.427753
Female,42,0.002597,0.019359,53,7.108179
Female,42,0.002871,0.022229,54,7.804482
Female,42,0.003176,0.025405,55,8.516429
Female,42,0.003516,0.02892,56,9.243783
Female,42,0.003895,0.032815,57,9.986314
Female,42,0.004317,0.037132,58,10.743557
Female,42,0.004782,0.041914,59,11.51436
Female,42,0.005288,0.047201,60,12.296925
Female,42,0.00583,0.053031,61,13.088794
Female,42,0.006399,0.059431,62,13.886816
Female,42,0.006984,0.066414,63,14.687363
Female,42,0.007583,0.073998,64,15.488007
Female,42,0.008216,0.082214,65,16.288678
Female,42,0.008905,0.091118,66,17.091164
Female,42,0.00967,0.100788,67,17.897942
Female,42,0.010529,0.111318,68,18.711594
Female,42,0.011502,0.12282,69,19.53463
Female,42,0.012594,0.135414,70,20.368431
Female,42,0.013801,0.149214,71,21.212998
Female,42,0.015106,0.16432,72,22.066738
Female,42,0.016519,0.180839,73,22.928438
Female,42,0.018065,0.198904,74,23.797735
Female,42,0.019766,0.218669,75,24.674726
Female,42,0.021643,0.240313,76,25.55962
Female,42,0.023714,0.264026,77,26.452416
Female,42,0.025982,0.290008,78,27.352592
Female,42,0.028441,0.318449,79,28.258856
Female,42,0.031061,0.34951,80,29.168979
Female,42,0.033788,0.383298,81,30.079678
Female,42,0.036469,0.419767,82,30.984981
Female,42,0.039069,0.458836,83,31.880306
Female,42,0.041475,0.50031,84,32.760657
Female,42,0.043553,0.543864,85,33.620678
Female,42,0.045155,0.589019,86,34.454706
Female,42,0.046125,0.635144,87,35.256836
Female,42,0.046317,0.681462,88,36.021009
Female,42,0.045612,0.727074,89,36.741128
Female,42,0.043938,0.771012,90,37.411235
Female,42,0.041292,0.812303,91,38.025741
Female,42,0.037753,0.850056,92,38.579747
Female,42,0.033487,0.883543,93,39.069429
Female,42,0.028735,0.912277,94,39.492459
Female,42,0.023788,0.936065,95,39.848424
Female,42,0.018948,0.955013,96,40.139127
Female,42,0.014488,0.969502,97,40.368684
Female,42,0.010612,0.980113,98,40.543335
Female,42,0.007431,0.987545,99,40.670937
Female,42,0.00497,0.992514,100,40.760211
Female,42,0.003171,0.995685,101,40.81989
Female,42,0.00193,0.997615,102,40.857956
Female,42,0.00112,0.998735,103,40.881108
Female,42,0.000621,0.999356,104,40.894537
Female,42,0.000644,1,105,40.9091
Female,47,0.001458,0.001458,47,0.5
Female,47,0.001604,0.003063,48,1.023821
Female,47,0.001766,0.004828,49,1.563635
Female,47,0.001944,0.006773,50,2.119523
Female,47,0.002143,0.008916,51,2.691668
Female,47,0.002364,0.01128,52,3.280305
Female,47,0.002611,0.013891,53,3.885564
Female,47,0.002887,0.016778,54,4.50744
Female,47,0.003193,0.019971,55,5.145838
Female,47,0.003535,0.023506,56,5.800659
Female,47,0.003916,0.027423,57,6.471803
Female,47,0.004341,0.031764,58,7.158953
Female,47,0.004808,0.036572,59,7.861171
Female,47,0.005317,0.041889,60,8.576934
Female,47,0.005862,0.047752,61,9.30411
Female,47,0.006435,0.054187,62,10.039914
Female,47,0.007023,0.061209,63,10.781083
Female,47,0.007626,0.068835,64,11.525411
Female,47,0.008262,0.077097,65,12.272813
Female,47,0.008955,0.086051,66,13.024882
Female,47,0.009724,0.095775,67,13.783824
Female,47,0.010588,0.106363,68,14.55194
Female,47,0.011566,0.117929,69,15.331466
Female,47,0.012664,0.130593,70,16.123592
Female,47,0.013878,0.144471,71,16.928212
Female,47,0.01519,0.159661,72,17.743719
Female,47,0.016611,0.176272,73,18.568878
Female,47,0.018165,0.194438,74,19.403267
Female,47,0.019876,0.214313,75,20.246914
Female,47,0.021764,0.236077,76,21.099957
Female,47,0.023846,0.259923,77,21.962332
Female,47,0.026127,0.28605,78,22.833478
Female,47,0.028599,0.314649,79,23.712091
Female,47,0.031234,0.345883,80,24.595956
Female,47,0.033977,0.37986,81,25.48183
Female,47,0.036672,0.416532,82,26.363844
Female,47,0.039286,0.455819,83,27.237466
Female,47,0.041706,0.497525,84,28.097744
Female,47,0.043796,0.541321,85,28.93935
Female,47,0.045407,0.586728,86,29.756641
Female,47,0.046383,0.63311,87,30.543714
Female,47,0.046576,0.679686,88,31.294497
Female,47,0.045866,0.725552,89,32.002861
Female,47,0.044183,0.769735,90,32.662797
Female,47,0.041522,0.811257,91,33.268651
Female,47,0.037963,0.84922,92,33.815436
Female,47,0.033673,0.882893,93,34.29922
Female,47,0.028895,0.911788,94,34.717555
Female,47,0.02392,0.935708,95,35.069887
Female,47,0.019054,0.954762,96,35.357867
Female,47,0.014569,0.969332,97,35.585457
Female,47,0.010671,0.980002,98,35.758742
Female,47,0.007473,0.987475,99,35.885434
Female,47,0.004997,0.992473,100,35.974129
Female,47,0.003189,0.995661,101,36.033457
Female,47,0.00194,0.997602,102,36.071321
Female,47,0.001126,0.998728,103,36.094361
Female,47,0.000624,0.999352,104,36.107732
Female,47,0.000648,1,105,36.122238
Female,52,0.002386,0.002386,52,0.5
Female,52,0.002635,0.00502,53,1.024827
Female,52,0.002913,0.007933,54,1.566442
Female,52,0.003222,0.011155,55,2.124933
Female,52,0.003567,0.014722,56,2.700373
Female,52,0.003952,0.018674,57,3.292819
Female,52,0.00438,0.023054,58,3.902136
Female,52,0.004852,0.027905,59,4.527659
Female,52,0.005365,0.03327,60,5.168223
Female,52,0.005915,0.039185,61,5.822124
Female,52,0.006493,0.045678,62,6.487058
Female,52,0.007086,0.052764,63,7.160251
Female,52,0.007694,0.060458,64,7.839811
Female,52,0.008336,0.068794,65,8.525675
Female,52,0.009035,0.07783,66,9.219227
Female,52,0.009811,0.087641,67,9.922362
Female,52,0.010683,0.098324,68,10.637047
Female,52,0.01167,0.109995,69,11.365198
Female,52,0.012778,0.122772,70,12.107775
Female,52,0.014002,0.136775,71,12.864559
Female,52,0.015327,0.152101,72,13.633947
Female,52,0.016761,0.168862,73,14.414703
Female,52,0.018329,0.187191,74,15.206372
Female,52,0.020055,0.207245,75,16.008925
Female,52,0.02196,0.229205,76,16.82244
Female,52,0.02406,0.253265,77,17.64681
Female,52,0.026362,0.279628,78,18.481452
Female,52,0.028857,0.308484,79,19.325073
Female,52,0.031515,0.339999,80,20.175506
Female,52,0.034282,0.374281,81,21.029587
Female,52,0.037002,0.411283,82,21.881613
Female,52,0.03964,0.450923,83,22.727148
Female,52,0.042081,0.493004,84,23.561325
Female,52,0.04419,0.537194,85,24.37889
Female,52,0.045815,0.58301,86,25.17425
Female,52,0.0468,0.62981,87,25.941534
Female,52,0.046995,0.676804,88,26.674673
Female,52,0.046279,0.723083,89,27.367518
Female,52,0.04458,0.767664,90,28.014011
Female,52,0.041895,0.809559,91,28.608421
Female,52,0.038305,0.847864,92,29.145657
Female,52,0.033976,0.88184,93,29.621654
Female,52,0.029155,0.910994,94,30.033801
Female,52,0.024135,0.93513,95,30.38136
Female,52,0.019226,0.954355,96,30.66578
Female,52,0.0147,0.969056,97,30.890811
Female,52,0.010767,0.979822,98,31.062331
Female,52,0.00754,0.987363,99,31.18786
Female,52,0.005042,0.992405,100,31.275822
Female,52,0.003217,0.995622,101,31.334712
Female,52,0.001958,0.99758,102,31.372325
Female,52,0.001137,0.998717,103,31.395231
Female,52,0.00063,0.999346,104,31.408532
Female,52,0.000654,1,105,31.422972
Female,57,0.004011,0.004011,57,0.5
Female,57,0.004445,0.008456,58,1.025696
Female,57,0.004924,0.01338,59,1.568262
Female,57,0.005445,0.018825,60,2.127015
Female,57,0.006004,0.024829,61,2.700801
Female,57,0.00659,0.031419,62,3.287919
Female,57,0.007192,0.03861,63,3.886205
Female,57,0.007809,0.04642,64,4.494153
Female,57,0.008461,0.05488,65,5.111714
Female,57,0.00917,0.06405,66,5.739988
Female,57,0.009958,0.074008,67,6.380461
Female,57,0.010843,0.084851,68,7.034673
Female,57,0.011845,0.096696,69,7.704142
Female,57,0.012969,0.109665,70,8.389555
Female,57,0.014212,0.123877,71,9.090572
Female,57,0.015556,0.139432,72,9.805632
Female,57,0.017011,0.156443,73,10.533554
Female,57,0.018603,0.175046,74,11.273897
Female,57,0.020354,0.1954,75,12.026619
Female,57,0.022288,0.217688,76,12.791778
Female,57,0.02442,0.242108,77,13.569254
Female,57,0.026756,0.268864,78,14.358484
Female,57,0.029288,0.298151,79,15.158233
Female,57,0.031986,0.330137,80,15.966434
Female,57,0.034795,0.364932,81,16.780074
Female,57,0.037555,0.402487,82,17.593705
Female,57,0.040232,0.442719,83,18.403066
Female,57,0.04271,0.485429,84,19.20345
Female,57,0.04485,0.530279,85,19.989742
Female,57,0.0465,0.576779,86,20.75646
Female,57,0.047499,0.624278,87,21.497811
Female,57,0.047697,0.671975,88,22.207767
Female,57,0.04697,0.718946,89,22.880183
Female,57,0.045246,0.764192,90,23.508963
Female,57,0.042521,0.806713,91,24.088294
Female,57,0.038877,0.84559,92,24.612961
Female,57,0.034484,0.880074,93,25.078729
Female,57,0.02959,0.909664,94,25.482778
Female,57,0.024496,0.934161,95,25.824123
Female,57,0.019513,0.953673,96,26.10394
Female,57,0.01492,0.968593,97,26.325693
Female,57,0.010928,0.979521,98,26.494979
Female,57,0.007653,0.987174,99,26.619053
Female,57,0.005118,0.992291,100,26.706116
Female,57,0.003265,0.995557,101,26.764478
Female,57,0.001987,0.997544,102,26.801799
Female,57,0.001154,0.998697,103,26.824551
Female,57,0.000639,0.999337,104,26.837776
Female,57,0.000663,1,105,26.852147
Female,62,0.006758,0.006758,62,0.5
Female,62,0.007375,0.014132,63,1.021829
Female,62,0.008008,0.02214,64,1.55647
Female,62,0.008676,0.030816,65,2.103648
Female,62,0.009404,0.04022,66,2.663924
Female,62,0.010212,0.050432,67,3.238183
Female,62,0.011119,0.061551,68,3.827424
Female,62,0.012146,0.073697,69,4.432713
Female,62,0.013299,0.086996,70,5.054479
Female,62,0.014573,0.101569,71,5.692336
Female,62,0.015952,0.117521,72,6.3449
Female,62,0.017444,0.134965,73,7.011195
Female,62,0.019076,0.154042,74,7.690918
Female,62,0.020872,0.174914,75,8.384116
Female,62,0.022855,0.197769,76,9.090902
Female,62,0.025042,0.222811,77,9.811215
Female,62,0.027437,0.250248,78,10.544575
Female,62,0.030033,0.280282,79,11.289879
Female,62,0.0328,0.313082,80,12.045249
Female,62,0.035681,0.348762,81,12.807918
Female,62,0.038511,0.387273,82,13.572831
Female,62,0.041256,0.42853,83,14.336015
Female,62,0.043797,0.472327,84,15.093035
Female,62,0.045992,0.51832,85,15.839015
Female,62,0.047684,0.566004,86,16.568675
Female,62,0.048708,0.614712,87,17.276374
Female,62,0.048911,0.663623,88,17.956186
Female,62,0.048166,0.71179,89,18.60201
Female,62,0.046398,0.758188,90,19.207732
Female,62,0.043604,0.801792,91,19.767458
Female,62,0.039867,0.841659,92,20.275827
Female,62,0.035362,0.877021,93,20.72839
Female,62,0.030344,0.907364,94,21.122051
Female,62,0.02512,0.932484,95,21.455495
Female,62,0.02001,0.952494,96,21.729528
Female,62,0.0153,0.967794,97,21.947226
Female,62,0.011206,0.978999,98,22.113799
Female,62,0.007848,0.986847,99,22.236154
Female,62,0.005248,0.992095,100,22.322187
Female,62,0.003348,0.995444,101,22.379969
Female,62,0.002038,0.997481,102,22.416985
Female,62,0.001183,0.998664,103,22.439589
Female,62,0.000656,0.99932,104,22.452748
Female,62,0.00068,1,105,22.467066
Female,67,0.01064,0.01064,67,0.5
Female,67,0.011585,0.022224,68,1.02127
Female,67,0.012655,0.03488,69,1.557791
Female,67,0.013856,0.048736,70,2.109989
Female,67,0.015184,0.06392,71,2.677734
Female,67,0.01662,0.08054,72,3.260129
Female,67,0.018175,0.098716,73,3.856645
Female,67,0.019876,0.118591,74,4.467263
Female,67,0.021747,0.140338,75,5.092185
Female,67,0.023813,0.164152,76,5.731618
Female,67,0.026091,0.190242,77,6.38558
Female,67,0.028587,0.218829,78,7.053709
Female,67,0.031292,0.250121,79,7.735078
Female,67,0.034175,0.284296,80,8.428067
Female,67,0.037176,0.321472,81,9.130241
Female,67,0.040125,0.361597,82,9.837067
Female,67,0.042985,0.404582,83,10.544979
Female,67,0.045633,0.450215,84,11.249924
Female,67,0.04792,0.498135,85,11.947369
Female,67,0.049682,0.547817,86,12.632326
Female,67,0.05075,0.598566,87,13.299389
Female,67,0.050961,0.649527,88,13.942796
Female,67,0.050185,0.699712,89,14.556537
Female,67,0.048343,0.748055,90,15.134505
Female,67,0.045431,0.793486,91,15.670729
Female,67,0.041538,0.835024,92,16.159678
Female,67,0.036844,0.871867,93,16.596642
Female,67,0.031615,0.903483,94,16.97818
Female,67,0.026172,0.929655,95,17.302552
Female,67,0.020848,0.950503,96,17.570088
Female,67,0.015941,0.966444,97,17.78336
Female,67,0.011675,0.978119,98,17.94709
Female,67,0.008176,0.986296,99,18.067735
Female,67,0.005468,0.991764,100,18.152818
Female,67,0.003489,0.995253,101,18.210122
Female,67,0.002123,0.997376,102,18.246926
Female,67,0.001232,0.998608,103,18.269454
Female,67,0.000683,0.999291,104,18.282597
Female,67,0.000709,1,105,18.296928
Female,72,0.017755,0.017755,72,0.5
Female,72,0.019416,0.037171,73,1.022347
Female,72,0.021233,0.058404,74,1.559548
Female,72,0.023232,0.081636,75,2.111764
Female,72,0.025439,0.107076,76,2.679166
Female,72,0.027873,0.134948,77,3.261788
Female,72,0.030539,0.165487,78,3.85937
Female,72,0.033429,0.198916,79,4.471194
Female,72,0.036508,0.235424,80,5.095958
Female,72,0.039714,0.275139,81,5.731652
Female,72,0.042865,0.318003,82,6.374395
Female,72,0.045921,0.363924,83,7.021154
Female,72,0.048749,0.412673,84,7.668366
Female,72,0.051192,0.463865,85,8.311943
Female,72,0.053075,0.516939,86,8.947278
Female,72,0.054215,0.571154,87,9.569274
Female,72,0.054441,0.625595,88,10.172403
Female,72,0.053612,0.679207,89,10.75079
Female,72,0.051644,0.730851,90,11.29837
Female,72,0.048534,0.779384,91,11.809099
Female,72,0.044374,0.823758,92,12.277258
Female,72,0.03936,0.863118,93,12.697829
Female,72,0.033774,0.896892,94,13.066948
Female,72,0.02796,0.924851,95,13.382354
Female,72,0.022272,0.947123,96,13.643787
Female,72,0.01703,0.964153,97,13.8532
Female,72,0.012473,0.976625,98,14.014714
Female,72,0.008735,0.98536,99,14.134256
Female,72,0.005841,0.991201,100,14.218916
Female,72,0.003727,0.994928,101,14.276159
Female,72,0.002268,0.997197,102,14.313059
Female,72,0.001317,0.998513,103,14.335721
Female,72,0.00073,0.999243,104,14.348984
Female,72,0.000757,1,105,14.363486
Female,77,0.031215,0.031215,77,0.5
Female,77,0.034201,0.065416,78,1.022826
Female,77,0.037437,0.102853,79,1.560498
Female,77,0.040886,0.14374,80,2.112182
Female,77,0.044477,0.188216,81,2.676439
Female,77,0.048005,0.236221,82,3.250244
Female,77,0.051427,0.287649,83,3.831251
Female,77,0.054594,0.342243,84,4.416489
Female,77,0.057331,0.399574,85,5.002389
Female,77,0.059439,0.459013,86,5.584801
Female,77,0.060716,0.519729,87,6.159009
Female,77,0.060969,0.580698,88,6.719774
Female,77,0.060041,0.640739,89,7.261411
Female,77,0.057837,0.698576,90,7.777919
Female,77,0.054354,0.752929,91,8.263182
Female,77,0.049695,0.802624,92,8.711255
Female,77,0.044079,0.846703,93,9.116736
Female,77,0.037824,0.884528,94,9.475221
Female,77,0.031312,0.91584,95,9.783777
Female,77,0.024942,0.940782,96,10.041378
Female,77,0.019072,0.959854,97,10.249183
Female,77,0.013968,0.973822,98,10.410563
Female,77,0.009782,0.983605,99,10.530796
Female,77,0.006542,0.990146,100,10.616482
Female,77,0.004174,0.99432,101,10.674762
Female,77,0.00254,0.99686,102,10.712537
Female,77,0.001475,0.998335,103,10.735855
Female,77,0.000817,0.999152,104,10.749565
Female,77,0.000848,1,105,10.764617
Female,82,0.059135,0.059135,82,0.5
Female,82,0.063351,0.122486,83,1.017209
Female,82,0.067253,0.189739,84,1.542782
Female,82,0.070623,0.260362,85,2.073677
Female,82,0.073221,0.333582,86,2.606249
Female,82,0.074794,0.408376,87,3.136237
Female,82,0.075105,0.483481,88,3.658772
Female,82,0.073961,0.557442,89,4.168425
Female,82,0.071247,0.628689,90,4.659303
Female,82,0.066956,0.695644,91,5.12522
Female,82,0.061217,0.756861,92,5.559947
Female,82,0.054299,0.811161,93,5.957576
Female,82,0.046594,0.857755,94,6.312965
Female,82,0.038572,0.896327,95,6.622251
Female,82,0.030725,0.927052,96,6.883345
Female,82,0.023494,0.950546,97,7.096312
Female,82,0.017207,0.967753,98,7.263513
Female,82,0.01205,0.979803,99,7.389408
Female,82,0.008059,0.987862,100,7.480044
Female,82,0.005142,0.993003,101,7.542282
Female,82,0.003129,0.996132,102,7.582983
Female,82,0.001816,0.997949,103,7.608314
Female,82,0.001007,0.998955,104,7.623319
Female,82,0.001045,1,105,7.639904
Female,87,0.112232,0.112232,87,0.5
Female,87,0.1127,0.224932,88,1.001039
Female,87,0.110983,0.335915,89,1.496282
Female,87,0.10691,0.442825,90,1.980032
Female,87,0.100471,0.543296,91,2.446046
Female,87,0.09186,0.635156,92,2.887727
Female,87,0.081479,0.716635,93,3.298432
Female,87,0.069917,0.786552,94,3.671911
Female,87,0.05788,0.844432,95,4.002844
Female,87,0.046105,0.890538,96,4.287446
Female,87,0.035253,0.925791,97,4.524015
Female,87,0.02582,0.951611,98,4.713294
Female,87,0.018082,0.969694,99,4.858496
Female,87,0.012092,0.981786,100,4.96493
Female,87,0.007715,0.989501,101,5.039278
Female,87,0.004695,0.994196,102,5.088679
Female,87,0.002726,0.996922,103,5.119878
Female,87,0.00151,0.998432,104,5.138607
Female,87,0.001568,1,105,5.159551
Female,92,0.201137,0.201137,92,0.5
Female,92,0.178408,0.379544,93,0.970057
Female,92,0.15309,0.532634,94,1.409795
Female,92,0.126734,0.659369,95,1.811544
Female,92,0.100953,0.760321,96,2.168507
Female,92,0.077191,0.837512,97,2.475561
Female,92,0.056536,0.894048,98,2.730048
Female,92,0.039593,0.933641,99,2.932327
Female,92,0.026477,0.960118,100,3.085868
Female,92,0.016894,0.977012,101,3.196776
Female,92,0.010281,0.987293,102,3.272823
Female,92,0.005968,0.99326,103,3.322256
Female,92,0.003307,0.996568,104,3.352714
Female,92,0.003432,1,105,3.387542
Female,97,0.322061,0.322061,97,0.5
Female,97,0.235881,0.557941,98,0.92277
Female,97,0.165192,0.723133,99,1.283071
Female,97,0.11047,0.833603,100,1.576862
Female,97,0.070485,0.904088,101,1.804756
Female,97,0.042893,0.946981,102,1.97213
Female,97,0.0249,0.971881,103,2.088135
Female,97,0.013799,0.98568,104,2.163896
Female,97,0.01432,1,105,2.254632
Female,102,0.447212,0.447212,102,0.5
Female,102,0.259613,0.706825,103,0.867294
Female,102,0.143868,0.850692,104,1.143414
Female,102,0.149308,1,105,1.49527
